Target,MaxFlow_Vina,MaxFlow_QED,Success_Rate,Baseline_DiffDock_Vina,Baseline_TargetDiff_Vina
SARS-CoV-2 Mpro,-8.4512198317708,0.6871082624433906,70.0,-7.351097901257566,-8.270519664747953
HIV-1 Protease,-8.374426215360586,0.6797075860110207,70.0,-7.186506592728896,-7.994284393450257
Human ACE2,-8.38561889464269,0.6840005638702444,60.0,-7.370164552426348,-7.9318345169533195
